CustomerID,Segment,recency,frequency,monetary,aov,tenure_days,R_score,F_score,M_score,RFM_total,unique_products,primary_country
12346,Core Wholesalers,325,1,77183.6,77183.6,0,1.0,3.0,5.0,9.0,1,United Kingdom
12348,Core Wholesalers,75,4,1437.24,359.31,282,3.0,3.0,3.0,9.0,21,Finland
12356,Core Wholesalers,22,3,2487.43,829.1433333333333,302,4.0,3.0,4.0,11.0,52,Portugal
12357,Core Wholesalers,33,1,6207.67,6207.67,0,4.0,3.0,5.0,12.0,131,Switzerland
12386,Lapsed Accounts,337,2,401.9,200.95,29,1.0,3.0,2.0,6.0,10,Australia
12394,Lapsed Accounts,63,2,1080.48,540.24,153,3.0,3.0,3.0,9.0,25,Belgium
12399,Lapsed Accounts,119,4,1033.65,258.4125,142,2.0,3.0,3.0,8.0,46,Belgium
12403,Lapsed Accounts,49,1,391.70000000000005,391.70000000000005,0,3.0,3.0,2.0,8.0,4,Denmark
12409,Core Wholesalers,78,3,11072.67,3690.89,103,3.0,3.0,5.0,11.0,91,Switzerland
12415,Strategic Accounts,24,20,124564.53,6228.2265,313,4.0,3.0,5.0,12.0,443,Australia
12424,Lapsed Accounts,162,2,1760.96,880.48,0,2.0,3.0,4.0,9.0,30,Australia
12433,Strategic Accounts,0,7,13375.87,1910.8385714285716,372,5.0,3.0,5.0,13.0,219,Norway
12435,Core Wholesalers,79,2,7829.89,3914.945,188,3.0,3.0,5.0,11.0,31,Denmark
12454,Lapsed Accounts,56,1,3528.34,3528.34,0,3.0,3.0,4.0,10.0,15,Spain
12455,Core Wholesalers,73,5,2339.86,467.97200000000004,223,3.0,3.0,4.0,10.0,84,Spain
12497,Lapsed Accounts,81,1,953.1,953.1,0,2.0,3.0,3.0,8.0,13,Germany
12500,Core Wholesalers,23,11,4059.8199999999997,369.07454545454544,310,4.0,3.0,5.0,12.0,33,Germany
12507,Lapsed Accounts,134,3,1052.81,350.93666666666667,164,2.0,3.0,3.0,8.0,18,Spain
12516,Lapsed Accounts,77,2,1186.06,593.03,102,3.0,3.0,3.0,9.0,19,Germany
12524,Core Wholesalers,9,8,3945.72,493.215,324,5.0,3.0,5.0,13.0,112,Germany
12547,Lapsed Accounts,197,2,151.79999999999998,75.89999999999999,82,1.0,3.0,1.0,5.0,6,Spain
12557,Core Wholesalers,16,5,11990.960000000001,2398.192,355,4.0,3.0,5.0,12.0,15,Spain
12583,Strategic Accounts,2,15,6705.38,447.0253333333333,370,5.0,3.0,5.0,13.0,114,France
12590,Lapsed Accounts,211,1,9341.26,9341.26,0,1.0,3.0,5.0,9.0,67,Germany
12603,Lapsed Accounts,21,1,613.1999999999999,613.1999999999999,0,4.0,3.0,2.0,9.0,1,Germany
12619,Core Wholesalers,16,8,2945.56,368.195,237,4.0,3.0,4.0,11.0,48,Germany
12643,Core Wholesalers,128,6,3041.64,506.94,204,2.0,3.0,4.0,9.0,10,France
12649,Lapsed Accounts,107,3,569.51,189.83666666666667,105,2.0,3.0,2.0,7.0,27,Germany
12653,Lapsed Accounts,148,2,2209.85,1104.925,147,2.0,3.0,4.0,9.0,37,Israel
12657,Core Wholesalers,11,4,1427.18,356.795,67,4.0,3.0,3.0,10.0,34,France
12659,Lapsed Accounts,29,1,73.68,73.68,0,4.0,3.0,1.0,8.0,4,France
12664,Core Wholesalers,8,9,4391.88,487.9866666666667,314,5.0,3.0,5.0,13.0,9,Finland
12678,Core Wholesalers,42,9,16331.460000000001,1814.6066666666668,310,3.0,3.0,5.0,11.0,103,France
12684,Core Wholesalers,7,6,2073.63,345.605,205,5.0,3.0,4.0,12.0,59,France
12726,Core Wholesalers,28,7,2411.1,344.4428571428571,329,4.0,3.0,4.0,11.0,56,France
12731,Strategic Accounts,23,12,18751.91,1562.6591666666666,341,4.0,3.0,5.0,12.0,108,France
12734,Lapsed Accounts,352,1,110.39999999999999,110.39999999999999,0,1.0,3.0,1.0,5.0,4,France
12736,Lapsed Accounts,332,1,144.0,144.0,0,1.0,3.0,1.0,5.0,3,France
12744,Core Wholesalers,56,4,9120.39,2280.0975,262,3.0,3.0,5.0,11.0,177,Singapore
12752,Lapsed Accounts,81,1,4366.78,4366.78,0,2.0,3.0,5.0,10.0,53,Norway
12753,Core Wholesalers,22,6,21429.39,3571.565,339,4.0,3.0,5.0,12.0,132,Japan
12754,Lapsed Accounts,235,3,3010.74,1003.5799999999999,72,1.0,3.0,4.0,8.0,49,Japan
12755,Lapsed Accounts,280,2,3811.95,1905.975,85,1.0,3.0,4.0,8.0,4,Japan
12756,Lapsed Accounts,86,1,112.07999999999998,112.07999999999998,0,2.0,3.0,1.0,6.0,4,Japan
12758,Lapsed Accounts,116,2,2791.59,1395.795,159,2.0,3.0,4.0,9.0,84,Portugal
12770,Lapsed Accounts,210,1,1351.45,1351.45,0,1.0,3.0,3.0,7.0,12,Japan
12781,Lapsed Accounts,63,2,786.74,393.37,221,3.0,3.0,3.0,9.0,24,Czech Republic
12791,Lapsed Accounts,373,1,177.60000000000002,177.60000000000002,0,1.0,3.0,1.0,5.0,1,Netherlands
12798,Core Wholesalers,10,3,6977.04,2325.68,160,5.0,3.0,5.0,13.0,6,Japan
12814,Lapsed Accounts,101,1,85.92,85.92,0,2.0,3.0,1.0,6.0,1,Poland
12818,Lapsed Accounts,261,1,1182.0800000000002,1182.0800000000002,0,1.0,3.0,3.0,7.0,13,Austria
12823,Core Wholesalers,74,5,1759.5,351.9,221,3.0,3.0,4.0,10.0,1,United Kingdom
12829,Lapsed Accounts,336,2,293.0,146.5,23,1.0,3.0,1.0,5.0,9,United Kingdom
12830,Core Wholesalers,37,6,6814.64,1135.7733333333333,134,4.0,3.0,5.0,12.0,13,United Kingdom
12863,Lapsed Accounts,52,1,521.2,521.2,0,3.0,3.0,2.0,8.0,5,United Kingdom
12864,Lapsed Accounts,138,1,147.12,147.12,0,2.0,3.0,1.0,6.0,3,United Kingdom
12873,Lapsed Accounts,282,1,374.0,374.0,0,1.0,3.0,2.0,6.0,4,United Kingdom
12875,Lapsed Accounts,143,2,343.2300000000001,171.61500000000004,219,2.0,3.0,2.0,7.0,1,United Kingdom
12876,Core Wholesalers,57,2,2053.02,1026.51,138,3.0,3.0,4.0,10.0,66,Belgium
12879,Lapsed Accounts,44,3,573.22,191.07333333333335,47,3.0,3.0,2.0,8.0,7,United Kingdom
12891,Lapsed Accounts,185,3,331.0,110.33333333333333,107,1.0,3.0,2.0,6.0,2,United Kingdom
12897,Lapsed Accounts,204,2,216.5,108.25,97,1.0,3.0,1.0,5.0,3,United Kingdom
12901,Strategic Accounts,8,28,17654.54,630.5192857142857,261,5.0,3.0,5.0,13.0,30,United Kingdom
12906,Core Wholesalers,11,5,2919.81,583.962,66,4.0,3.0,4.0,11.0,55,United Kingdom
12908,Lapsed Accounts,176,2,750.0,375.0,136,1.0,3.0,3.0,7.0,1,United Kingdom
12910,Core Wholesalers,23,8,3075.04,384.38,218,4.0,3.0,4.0,11.0,48,United Kingdom
12912,Core Wholesalers,2,5,1662.3,332.46,37,5.0,3.0,4.0,12.0,17,United Kingdom
12913,Core Wholesalers,4,5,2483.63,496.726,363,5.0,3.0,4.0,12.0,37,United Kingdom
12917,Lapsed Accounts,128,1,594.0,594.0,0,2.0,3.0,2.0,7.0,2,United Kingdom
12931,Strategic Accounts,21,15,42055.96,2803.730666666667,336,4.0,3.0,5.0,12.0,28,United Kingdom
12939,Core Wholesalers,64,8,11581.8,1447.725,270,3.0,3.0,5.0,11.0,21,United Kingdom
12950,Core Wholesalers,2,3,1843.0,614.3333333333334,21,5.0,3.0,4.0,12.0,13,United Kingdom
12955,Strategic Accounts,1,11,4757.16,432.4690909090909,266,5.0,3.0,5.0,13.0,81,United Kingdom
12967,Lapsed Accounts,358,2,1660.9,830.45,13,1.0,3.0,4.0,8.0,19,United Kingdom
12971,Strategic Accounts,3,86,11189.91,130.11523255813952,368,5.0,3.0,5.0,13.0,94,United Kingdom
12976,Lapsed Accounts,211,1,738.6,738.6,0,1.0,3.0,3.0,7.0,22,United Kingdom
12980,Core Wholesalers,157,9,7374.900000000001,819.4333333333334,200,2.0,3.0,5.0,10.0,6,United Kingdom
12985,Core Wholesalers,0,2,1239.38,619.69,27,5.0,3.0,3.0,11.0,73,United Kingdom
12989,Strategic Accounts,3,15,6924.110000000001,461.6073333333334,361,5.0,3.0,5.0,13.0,41,United Kingdom
12995,Lapsed Accounts,85,1,211.32,211.32,0,2.0,3.0,1.0,6.0,3,United Kingdom
13017,Lapsed Accounts,7,1,204.0,204.0,0,5.0,3.0,1.0,9.0,1,United Kingdom
13026,Core Wholesalers,1,5,975.36,195.072,274,5.0,3.0,3.0,11.0,32,United Kingdom
13027,Core Wholesalers,113,6,6912.0,1152.0,240,2.0,3.0,5.0,10.0,6,United Kingdom
13035,Lapsed Accounts,73,2,921.88,460.94,186,3.0,3.0,3.0,9.0,23,United Kingdom
13062,Lapsed Accounts,191,1,346.98,346.98,0,1.0,3.0,2.0,6.0,11,United Kingdom
13068,Core Wholesalers,10,2,344.0,172.0,309,5.0,3.0,2.0,10.0,1,United Kingdom
13075,Lapsed Accounts,129,1,919.61,919.61,0,2.0,3.0,3.0,8.0,22,United Kingdom
13082,Core Wholesalers,126,9,3613.63,401.51444444444445,212,2.0,3.0,4.0,9.0,63,United Kingdom
13091,Lapsed Accounts,28,1,345.82,345.82,0,4.0,3.0,2.0,9.0,21,United Kingdom
13093,Core Wholesalers,275,8,7832.47,979.05875,97,1.0,3.0,5.0,9.0,97,United Kingdom
13094,Core Wholesalers,21,12,1927.3200000000002,160.61,347,4.0,3.0,4.0,11.0,4,United Kingdom
13095,Lapsed Accounts,70,1,74.39999999999999,74.39999999999999,0,3.0,3.0,1.0,7.0,6,United Kingdom
13098,Strategic Accounts,1,28,28882.44,1031.5157142857142,316,5.0,3.0,5.0,13.0,156,United Kingdom
13099,Lapsed Accounts,99,1,207.35999999999999,207.35999999999999,0,2.0,3.0,1.0,6.0,1,United Kingdom
13104,Core Wholesalers,3,6,1098.48,183.08,351,5.0,3.0,3.0,11.0,14,United Kingdom
13107,Core Wholesalers,44,4,1531.62,382.905,289,3.0,3.0,4.0,10.0,54,United Kingdom
13108,Lapsed Accounts,372,1,350.06,350.06,0,1.0,3.0,2.0,6.0,10,United Kingdom
13135,Lapsed Accounts,196,1,3096.0,3096.0,0,1.0,3.0,4.0,8.0,1,United Kingdom
13145,Core Wholesalers,39,4,618.52,154.63,332,3.0,3.0,2.0,8.0,5,United Kingdom
13147,Core Wholesalers,10,4,712.8000000000001,178.20000000000002,89,5.0,3.0,2.0,10.0,1,United Kingdom
13153,Core Wholesalers,5,1,486.22,486.22,0,5.0,3.0,2.0,10.0,15,United Kingdom
13162,Core Wholesalers,122,4,1688.29,422.0725,212,2.0,3.0,4.0,9.0,74,United Kingdom
13165,Lapsed Accounts,46,2,1021.48,510.74,305,3.0,3.0,3.0,9.0,40,United Kingdom
13169,Lapsed Accounts,63,2,712.88,356.44,188,3.0,3.0,2.0,8.0,11,United Kingdom
13183,Core Wholesalers,7,9,3957.78,439.75333333333333,326,5.0,3.0,5.0,13.0,51,United Kingdom
13189,Lapsed Accounts,18,2,260.68,130.34,96,4.0,3.0,1.0,8.0,29,United Kingdom
13199,Strategic Accounts,3,37,9802.12,264.9221621621622,363,5.0,3.0,5.0,13.0,47,United Kingdom
13216,Lapsed Accounts,267,1,333.74,333.74,0,1.0,3.0,2.0,6.0,5,United Kingdom
13217,Lapsed Accounts,122,3,533.98,177.99333333333334,34,2.0,3.0,2.0,7.0,3,United Kingdom
13225,Strategic Accounts,3,7,6463.84,923.4057142857143,358,5.0,3.0,5.0,13.0,23,United Kingdom
13228,Lapsed Accounts,81,1,358.0,358.0,0,2.0,3.0,2.0,7.0,2,United Kingdom
13233,Lapsed Accounts,74,2,605.12,302.56,261,3.0,3.0,2.0,8.0,43,United Kingdom
13249,Lapsed Accounts,92,3,711.41,237.13666666666666,168,2.0,3.0,2.0,7.0,21,United Kingdom
13253,Lapsed Accounts,156,2,1030.4,515.2,182,2.0,3.0,3.0,8.0,35,United Kingdom
13261,Lapsed Accounts,268,2,944.1,472.05,17,1.0,3.0,3.0,7.0,8,United Kingdom
13266,Core Wholesalers,11,12,3834.2599999999998,319.52166666666665,245,4.0,3.0,4.0,11.0,82,United Kingdom
13270,Lapsed Accounts,366,1,590.0,590.0,0,1.0,3.0,2.0,6.0,1,United Kingdom
13277,Core Wholesalers,15,4,258.4,64.6,117,4.0,3.0,1.0,8.0,5,United Kingdom
13298,Core Wholesalers,1,1,360.0,360.0,0,5.0,3.0,2.0,10.0,2,United Kingdom
13316,Core Wholesalers,37,4,5732.93,1433.2325,217,4.0,3.0,5.0,12.0,66,United Kingdom
13321,Lapsed Accounts,72,2,567.36,283.68,14,3.0,3.0,2.0,8.0,10,United Kingdom
13324,Core Wholesalers,36,10,7121.95,712.1949999999999,324,4.0,3.0,5.0,12.0,25,United Kingdom
13328,Lapsed Accounts,316,1,1308.48,1308.48,0,1.0,3.0,3.0,7.0,17,United Kingdom
13329,Lapsed Accounts,31,2,789.0,394.5,335,4.0,3.0,3.0,10.0,16,United Kingdom
13340,Core Wholesalers,45,7,10736.48,1533.782857142857,231,3.0,3.0,5.0,11.0,128,United Kingdom
13347,Lapsed Accounts,70,1,291.36,291.36,0,3.0,3.0,1.0,7.0,7,United Kingdom
13366,Lapsed Accounts,50,1,56.160000000000004,56.160000000000004,0,3.0,3.0,1.0,7.0,1,United Kingdom
13408,Strategic Accounts,1,62,28117.04,453.5006451612903,371,5.0,3.0,5.0,13.0,234,United Kingdom
13414,Lapsed Accounts,133,3,1390.5,463.5,162,2.0,3.0,3.0,8.0,23,United Kingdom
13429,Core Wholesalers,10,4,1006.8,251.7,64,5.0,3.0,3.0,11.0,55,United Kingdom
13434,Lapsed Accounts,74,2,534.24,267.12,22,3.0,3.0,2.0,8.0,9,United Kingdom
13435,Core Wholesalers,5,7,3809.8900000000003,544.2700000000001,183,5.0,3.0,4.0,12.0,68,United Kingdom
13450,Core Wholesalers,26,6,2043.72,340.62,191,4.0,3.0,4.0,11.0,32,United Kingdom
13461,Core Wholesalers,38,3,1445.0,481.6666666666667,124,4.0,3.0,3.0,10.0,14,United Kingdom
13489,Lapsed Accounts,105,4,449.52,112.38,189,2.0,3.0,2.0,7.0,11,United Kingdom
13493,Lapsed Accounts,275,2,498.63,249.315,11,1.0,3.0,2.0,6.0,5,Switzerland
13499,Core Wholesalers,17,5,1159.11,231.82199999999997,252,4.0,3.0,3.0,10.0,31,United Kingdom
13509,Core Wholesalers,8,6,964.72,160.78666666666666,275,5.0,3.0,3.0,11.0,26,United Kingdom
13516,Core Wholesalers,21,3,1389.41,463.1366666666667,217,4.0,3.0,3.0,10.0,43,United Kingdom
13525,Core Wholesalers,14,2,628.78,314.39,233,4.0,3.0,2.0,9.0,5,United Kingdom
13576,Strategic Accounts,10,18,6717.34,373.18555555555554,362,5.0,3.0,5.0,13.0,78,United Kingdom
13587,Lapsed Accounts,63,1,712.4,712.4,0,3.0,3.0,2.0,8.0,8,United Kingdom
13590,Core Wholesalers,11,6,1981.92,330.32,291,4.0,3.0,4.0,11.0,70,United Kingdom
13629,Core Wholesalers,23,11,7792.36,708.3963636363636,315,4.0,3.0,5.0,12.0,28,United Kingdom
13631,Core Wholesalers,99,11,3070.42,279.1290909090909,167,2.0,3.0,4.0,9.0,6,United Kingdom
13639,Lapsed Accounts,74,1,1033.34,1033.34,0,3.0,3.0,3.0,9.0,39,United Kingdom
13645,Lapsed Accounts,120,1,252.1,252.1,0,2.0,3.0,1.0,6.0,5,United Kingdom
13669,Lapsed Accounts,50,2,218.55,109.275,98,3.0,3.0,1.0,7.0,9,United Kingdom
13678,Lapsed Accounts,151,1,232.6,232.6,0,2.0,3.0,1.0,6.0,16,United Kingdom
13685,Core Wholesalers,2,7,3119.44,445.63428571428574,57,5.0,3.0,4.0,12.0,29,United Kingdom
13689,Lapsed Accounts,63,1,910.0,910.0,0,3.0,3.0,3.0,9.0,6,United Kingdom
13692,Core Wholesalers,24,3,1488.32,496.1066666666666,211,4.0,3.0,3.0,10.0,48,United Kingdom
13694,Strategic Accounts,3,50,65039.62,1300.7924,369,5.0,3.0,5.0,13.0,366,United Kingdom
13710,Lapsed Accounts,31,1,180.48,180.48,0,4.0,3.0,1.0,8.0,8,United Kingdom
13712,Lapsed Accounts,246,1,228.84,228.84,0,1.0,3.0,1.0,5.0,10,United Kingdom
13726,Lapsed Accounts,38,2,1079.66,539.83,61,4.0,3.0,3.0,10.0,39,United Kingdom
13743,Core Wholesalers,2,7,1341.6,191.65714285714284,256,5.0,3.0,3.0,11.0,8,United Kingdom
13750,Core Wholesalers,53,5,1647.26,329.452,283,3.0,3.0,4.0,10.0,20,United Kingdom
13756,Strategic Accounts,2,14,5189.52,370.68,365,5.0,3.0,5.0,13.0,66,United Kingdom
13762,Lapsed Accounts,218,1,306.72,306.72,0,1.0,3.0,1.0,5.0,7,United Kingdom
13763,Lapsed Accounts,63,1,1714.96,1714.96,0,3.0,3.0,4.0,10.0,15,United Kingdom
13777,Strategic Accounts,0,33,25977.16,787.1866666666666,372,5.0,3.0,5.0,13.0,36,United Kingdom
13784,Core Wholesalers,9,11,2462.79,223.89,322,5.0,3.0,4.0,12.0,9,United Kingdom
13791,Lapsed Accounts,127,2,1516.0,758.0,40,2.0,3.0,3.0,8.0,7,United Kingdom
13798,Strategic Accounts,1,57,37153.85,651.8219298245614,370,5.0,3.0,5.0,13.0,113,United Kingdom
13802,Core Wholesalers,138,3,4599.42,1533.14,172,2.0,3.0,5.0,10.0,55,United Kingdom
13805,Lapsed Accounts,52,2,924.6,462.3,76,3.0,3.0,3.0,9.0,10,United Kingdom
13819,Lapsed Accounts,301,3,1140.35,380.1166666666666,18,1.0,3.0,3.0,7.0,26,United Kingdom
13828,Lapsed Accounts,22,1,209.49,209.49,0,4.0,3.0,1.0,8.0,15,United Kingdom
13841,Lapsed Accounts,252,1,85.0,85.0,0,1.0,3.0,1.0,5.0,1,United Kingdom
13845,Lapsed Accounts,64,1,312.98,312.98,0,3.0,3.0,2.0,8.0,9,United Kingdom
13848,Lapsed Accounts,92,3,1255.0,418.3333333333333,273,2.0,3.0,3.0,8.0,3,United Kingdom
13851,Core Wholesalers,95,3,2651.46,883.82,192,2.0,3.0,4.0,9.0,77,United Kingdom
13854,Strategic Accounts,8,25,8109.5199999999995,324.38079999999997,356,5.0,3.0,5.0,13.0,39,United Kingdom
13856,Lapsed Accounts,168,3,388.5,129.5,34,1.0,3.0,2.0,6.0,10,United Kingdom
13868,Core Wholesalers,7,2,3192.54,1596.27,31,5.0,3.0,4.0,12.0,32,United Kingdom
13877,Lapsed Accounts,86,1,117.24000000000001,117.24000000000001,0,2.0,3.0,1.0,6.0,3,United Kingdom
13881,Strategic Accounts,3,20,17159.52,857.976,308,5.0,3.0,5.0,13.0,72,United Kingdom
13892,Core Wholesalers,26,4,632.97,158.2425,219,4.0,3.0,2.0,9.0,26,United Kingdom
13918,Lapsed Accounts,49,2,1212.8400000000001,606.4200000000001,203,3.0,3.0,3.0,9.0,30,United Kingdom
13941,Core Wholesalers,21,5,5112.96,1022.592,350,4.0,3.0,5.0,12.0,24,United Kingdom
13946,Lapsed Accounts,79,3,561.5699999999999,187.18999999999997,188,3.0,3.0,2.0,8.0,11,United Kingdom
13953,Core Wholesalers,7,7,3515.68,502.23999999999995,345,5.0,3.0,4.0,12.0,8,United Kingdom
13967,Lapsed Accounts,145,1,80.7,80.7,0,2.0,3.0,1.0,6.0,2,United Kingdom
13978,Lapsed Accounts,14,2,196.79000000000002,98.39500000000001,30,4.0,3.0,1.0,8.0,14,United Kingdom
13984,Core Wholesalers,26,5,920.51,184.102,339,4.0,3.0,3.0,10.0,14,United Kingdom
13986,Lapsed Accounts,17,1,320.46,320.46,0,4.0,3.0,2.0,9.0,12,United Kingdom
13989,Lapsed Accounts,65,2,1266.08,633.04,173,3.0,3.0,3.0,9.0,33,United Kingdom
14000,Lapsed Accounts,211,1,635.66,635.66,0,1.0,3.0,2.0,6.0,15,United Kingdom
14001,Core Wholesalers,45,3,2043.08,681.0266666666666,327,3.0,3.0,4.0,10.0,34,United Kingdom
14005,Core Wholesalers,9,5,2874.72,574.944,206,5.0,3.0,4.0,12.0,53,United Kingdom
14006,Lapsed Accounts,115,3,962.19,320.73,196,2.0,3.0,3.0,8.0,22,United Kingdom
14014,Lapsed Accounts,77,1,505.18,505.18,0,3.0,3.0,2.0,8.0,39,United Kingdom
14031,Strategic Accounts,7,19,17286.86,909.8347368421053,365,5.0,3.0,5.0,13.0,119,United Kingdom
14045,Core Wholesalers,109,4,1659.75,414.9375,264,2.0,3.0,4.0,9.0,4,United Kingdom
14046,Lapsed Accounts,284,1,151.59,151.59,0,1.0,3.0,1.0,5.0,13,United Kingdom
14053,Lapsed Accounts,124,2,260.25,130.125,35,2.0,3.0,1.0,6.0,2,United Kingdom
14055,Lapsed Accounts,106,1,725.6400000000001,725.6400000000001,0,2.0,3.0,3.0,8.0,10,United Kingdom
14060,Strategic Accounts,4,19,6140.42,323.18,368,5.0,3.0,5.0,13.0,86,United Kingdom
14062,Strategic Accounts,9,12,10464.85,872.0708333333333,354,5.0,3.0,5.0,13.0,60,United Kingdom
14064,Core Wholesalers,29,5,1334.34,266.868,245,4.0,3.0,3.0,10.0,59,United Kingdom
14079,Lapsed Accounts,124,1,375.1,375.1,0,2.0,3.0,2.0,7.0,12,United Kingdom
14088,Strategic Accounts,10,13,50491.81,3883.9853846153846,312,5.0,3.0,5.0,13.0,379,United Kingdom
14090,Lapsed Accounts,324,1,76.32000000000001,76.32000000000001,0,1.0,3.0,1.0,5.0,1,United Kingdom
14101,Core Wholesalers,73,6,5976.79,996.1316666666667,252,3.0,3.0,5.0,11.0,15,United Kingdom
14111,Core Wholesalers,14,4,692.85,173.2125,227,4.0,3.0,2.0,9.0,10,United Kingdom
14113,Core Wholesalers,3,4,1840.42,460.105,351,5.0,3.0,4.0,12.0,26,United Kingdom
14117,Lapsed Accounts,143,1,90.0,90.0,0,2.0,3.0,1.0,6.0,3,United Kingdom
14124,Lapsed Accounts,84,1,419.58,419.58,0,2.0,3.0,2.0,7.0,4,United Kingdom
14126,Core Wholesalers,7,3,706.1300000000001,235.3766666666667,2,5.0,3.0,2.0,10.0,14,United Kingdom
14135,Strategic Accounts,1,15,4690.31,312.68733333333336,371,5.0,3.0,5.0,13.0,95,United Kingdom
14145,Core Wholesalers,46,4,3742.2,935.55,170,3.0,3.0,4.0,10.0,6,United Kingdom
14147,Lapsed Accounts,78,2,483.4,241.7,207,3.0,3.0,2.0,8.0,4,United Kingdom
14156,Strategic Accounts,9,54,116560.08,2158.52,361,5.0,3.0,5.0,13.0,713,EIRE
14164,Lapsed Accounts,70,2,1631.77,815.885,10,3.0,3.0,4.0,10.0,28,United Kingdom
14195,Lapsed Accounts,201,2,1012.0,506.0,50,1.0,3.0,3.0,7.0,7,United Kingdom
14196,Lapsed Accounts,106,1,335.52,335.52,0,2.0,3.0,2.0,7.0,6,United Kingdom
14212,Lapsed Accounts,89,1,1070.48,1070.48,0,2.0,3.0,3.0,8.0,9,United Kingdom
14235,Core Wholesalers,75,5,3144.86,628.972,185,3.0,3.0,4.0,10.0,65,United Kingdom
14236,Lapsed Accounts,80,2,490.86,245.43,291,2.0,3.0,2.0,7.0,15,United Kingdom
14251,Core Wholesalers,1,5,2879.7,575.9399999999999,55,5.0,3.0,4.0,12.0,37,United Kingdom
14258,Strategic Accounts,9,9,12669.98,1407.7755555555555,328,5.0,3.0,5.0,13.0,58,United Kingdom
14285,Core Wholesalers,21,4,1910.01,477.5025,155,4.0,3.0,4.0,11.0,18,United Kingdom
14287,Core Wholesalers,8,3,176.63,58.876666666666665,190,5.0,3.0,1.0,9.0,9,United Kingdom
14298,Strategic Accounts,8,44,51527.3,1171.075,352,5.0,3.0,5.0,13.0,884,United Kingdom
14301,Lapsed Accounts,117,1,640.14,640.14,0,2.0,3.0,2.0,7.0,13,United Kingdom
14306,Core Wholesalers,51,2,2093.32,1046.66,34,3.0,3.0,4.0,10.0,33,United Kingdom
14314,Lapsed Accounts,106,1,120.0,120.0,0,2.0,3.0,1.0,6.0,8,United Kingdom
14354,Lapsed Accounts,5,2,163.62,81.81,24,5.0,3.0,1.0,9.0,9,United Kingdom
14364,Core Wholesalers,108,8,3717.35,464.66875,102,2.0,3.0,4.0,9.0,61,United Kingdom
14397,Strategic Accounts,2,19,2612.96,137.52421052631578,210,5.0,3.0,4.0,12.0,18,United Kingdom
14401,Strategic Accounts,4,13,4051.48,311.6523076923077,355,5.0,3.0,5.0,13.0,113,United Kingdom
14403,Lapsed Accounts,130,4,1475.81,368.9525,116,2.0,3.0,3.0,8.0,17,United Kingdom
14409,Core Wholesalers,71,6,2059.4500000000003,343.24166666666673,297,3.0,3.0,4.0,10.0,40,United Kingdom
14414,Core Wholesalers,91,7,1496.98,213.8542857142857,267,2.0,3.0,3.0,8.0,79,United Kingdom
14416,Lapsed Accounts,22,2,490.22,245.11,20,4.0,3.0,2.0,9.0,13,United Kingdom
14423,Lapsed Accounts,218,1,265.2,265.2,0,1.0,3.0,1.0,5.0,3,United Kingdom
14424,Lapsed Accounts,17,1,322.08,322.08,0,4.0,3.0,2.0,9.0,1,United Kingdom
14434,Core Wholesalers,21,6,1372.8,228.79999999999998,50,4.0,3.0,3.0,10.0,3,United Kingdom
14457,Lapsed Accounts,310,1,113.64,113.64,0,1.0,3.0,1.0,5.0,4,United Kingdom
14459,Lapsed Accounts,155,1,1837.92,1837.92,0,2.0,3.0,4.0,9.0,37,United Kingdom
14460,Lapsed Accounts,110,3,434.34,144.78,200,2.0,3.0,2.0,7.0,14,United Kingdom
14463,Lapsed Accounts,98,3,529.62,176.54,107,2.0,3.0,2.0,7.0,6,United Kingdom
14477,Core Wholesalers,19,4,1309.6,327.4,277,4.0,3.0,3.0,10.0,7,United Kingdom
14513,Lapsed Accounts,100,3,455.59000000000003,151.86333333333334,188,2.0,3.0,2.0,7.0,11,United Kingdom
14520,Core Wholesalers,1,2,270.6,135.3,289,5.0,3.0,1.0,9.0,3,United Kingdom
14522,Core Wholesalers,24,4,974.54,243.635,173,4.0,3.0,3.0,10.0,15,United Kingdom
14523,Lapsed Accounts,108,1,241.09,241.09,0,2.0,3.0,1.0,6.0,12,United Kingdom
14533,Core Wholesalers,24,7,1949.72,278.5314285714286,328,4.0,3.0,4.0,11.0,53,United Kingdom
14548,Lapsed Accounts,150,2,652.8,326.4,167,2.0,3.0,2.0,7.0,2,United Kingdom
14557,Lapsed Accounts,85,1,788.38,788.38,0,2.0,3.0,3.0,8.0,16,United Kingdom
14566,Lapsed Accounts,110,1,1432.0,1432.0,0,2.0,3.0,3.0,8.0,4,Channel Islands
14586,Lapsed Accounts,276,1,237.36,237.36,0,1.0,3.0,1.0,5.0,19,United Kingdom
14601,Lapsed Accounts,10,1,213.96,213.96,0,5.0,3.0,1.0,9.0,7,United Kingdom
14603,Lapsed Accounts,274,1,660.0,660.0,0,1.0,3.0,2.0,6.0,2,United Kingdom
14607,Strategic Accounts,15,12,15021.5,1251.7916666666667,245,4.0,3.0,5.0,12.0,37,United Kingdom
14608,Core Wholesalers,4,4,1785.15,446.2875,358,5.0,3.0,4.0,12.0,8,United Kingdom
14609,Lapsed Accounts,72,4,601.56,150.39,224,3.0,3.0,2.0,8.0,2,United Kingdom
14616,Lapsed Accounts,242,3,406.08000000000004,135.36,74,1.0,3.0,2.0,6.0,2,United Kingdom
14642,Lapsed Accounts,58,1,96.12,96.12,0,3.0,3.0,1.0,7.0,2,United Kingdom
14643,Lapsed Accounts,170,2,693.8100000000001,346.90500000000003,187,1.0,3.0,2.0,6.0,30,United Kingdom
14646,Strategic Accounts,1,72,279138.02,3876.9169444444447,353,5.0,3.0,5.0,13.0,699,Netherlands
14655,Core Wholesalers,8,4,1932.23,483.0575,214,5.0,3.0,4.0,12.0,35,United Kingdom
14676,Core Wholesalers,31,6,2548.2400000000002,424.7066666666667,251,4.0,3.0,4.0,11.0,29,United Kingdom
14680,Strategic Accounts,25,16,28754.11,1797.131875,346,4.0,3.0,5.0,12.0,73,United Kingdom
14682,Lapsed Accounts,187,2,52.0,26.0,13,1.0,3.0,1.0,5.0,1,United Kingdom
14687,Lapsed Accounts,106,1,628.38,628.38,0,2.0,3.0,2.0,7.0,15,United Kingdom
14705,Lapsed Accounts,198,1,179.0,179.0,0,1.0,3.0,1.0,5.0,1,United Kingdom
14708,Core Wholesalers,2,3,1126.37,375.45666666666665,365,5.0,3.0,3.0,11.0,25,United Kingdom
14714,Lapsed Accounts,24,1,160.19,160.19,0,4.0,3.0,1.0,8.0,10,United Kingdom
14737,Core Wholesalers,3,3,1164.55,388.18333333333334,349,5.0,3.0,3.0,11.0,15,United Kingdom
14739,Core Wholesalers,4,7,3902.28,557.4685714285714,363,5.0,3.0,5.0,13.0,47,United Kingdom
14744,Core Wholesalers,16,7,1099.98,157.14000000000001,350,4.0,3.0,3.0,10.0,21,United Kingdom
14752,Lapsed Accounts,43,1,389.64,389.64,0,3.0,3.0,2.0,8.0,5,United Kingdom
14764,Lapsed Accounts,46,1,278.3,278.3,0,3.0,3.0,1.0,7.0,6,United Kingdom
14776,Core Wholesalers,51,11,2538.3,230.75454545454548,261,3.0,3.0,4.0,10.0,44,United Kingdom
14785,Lapsed Accounts,10,2,77.4,38.7,4,5.0,3.0,1.0,9.0,2,United Kingdom
14806,Lapsed Accounts,75,1,193.39,193.39,0,3.0,3.0,1.0,7.0,11,United Kingdom
14828,Lapsed Accounts,196,3,2139.76,713.2533333333334,140,1.0,3.0,4.0,8.0,17,United Kingdom
14860,Lapsed Accounts,19,1,170.32,170.32,0,4.0,3.0,1.0,8.0,11,United Kingdom
14865,Lapsed Accounts,7,2,52.2,26.1,364,5.0,3.0,1.0,9.0,4,United Kingdom
14866,Strategic Accounts,10,11,14353.4,1304.8545454545454,355,5.0,3.0,5.0,13.0,29,United Kingdom
14885,Lapsed Accounts,131,1,765.3199999999999,765.3199999999999,0,2.0,3.0,3.0,8.0,15,United Kingdom
14887,Lapsed Accounts,79,1,1862.0,1862.0,0,3.0,3.0,4.0,10.0,6,United Kingdom
14904,Core Wholesalers,2,2,1025.44,512.72,23,5.0,3.0,3.0,11.0,66,United Kingdom
14912,Core Wholesalers,16,2,867.85,433.925,229,4.0,3.0,3.0,10.0,21,Italy
14913,Core Wholesalers,35,4,1227.43,306.8575,323,4.0,3.0,3.0,10.0,76,United Kingdom
14935,Lapsed Accounts,297,1,1784.71,1784.71,0,1.0,3.0,4.0,8.0,10,Channel Islands
14952,Core Wholesalers,59,11,8099.49,736.3172727272727,304,3.0,3.0,5.0,11.0,117,United Kingdom
14967,Lapsed Accounts,49,1,463.8,463.8,0,3.0,3.0,2.0,8.0,6,United Kingdom
14975,Lapsed Accounts,57,1,279.94,279.94,0,3.0,3.0,1.0,7.0,11,United Kingdom
14987,Lapsed Accounts,15,2,326.4,163.2,349,4.0,3.0,2.0,9.0,2,United Kingdom
14997,Lapsed Accounts,46,3,546.1999999999999,182.06666666666663,131,3.0,3.0,2.0,8.0,25,United Kingdom
15030,Lapsed Accounts,71,2,518.28,259.14,196,3.0,3.0,2.0,8.0,7,United Kingdom
15032,Core Wholesalers,256,3,4959.1,1653.0333333333335,110,1.0,3.0,5.0,9.0,29,United Kingdom
15043,Lapsed Accounts,31,1,537.0,537.0,0,4.0,3.0,2.0,9.0,3,United Kingdom
15049,Lapsed Accounts,273,1,121.17000000000002,121.17000000000002,0,1.0,3.0,1.0,5.0,3,United Kingdom
15057,Lapsed Accounts,275,2,1489.5,744.75,40,1.0,3.0,3.0,7.0,25,United Kingdom
15061,Strategic Accounts,3,48,54534.14,1136.1279166666666,368,5.0,3.0,5.0,13.0,70,United Kingdom
15070,Lapsed Accounts,372,1,106.2,106.2,0,1.0,3.0,1.0,5.0,1,United Kingdom
15087,Lapsed Accounts,281,1,306.94,306.94,0,1.0,3.0,1.0,5.0,15,United Kingdom
15093,Core Wholesalers,18,6,4597.02,766.1700000000001,353,4.0,3.0,5.0,12.0,52,United Kingdom
15095,Core Wholesalers,103,4,1370.6,342.65,99,2.0,3.0,3.0,8.0,30,United Kingdom
15098,Core Wholesalers,182,3,39916.5,13305.5,0,1.0,3.0,5.0,9.0,1,United Kingdom
15100,Lapsed Accounts,333,3,876.0,292.0,40,1.0,3.0,3.0,7.0,1,United Kingdom
15101,Core Wholesalers,8,2,317.53,158.765,350,5.0,3.0,2.0,10.0,8,United Kingdom
15113,Core Wholesalers,9,3,3509.04,1169.68,44,5.0,3.0,4.0,12.0,76,United Kingdom
15117,Core Wholesalers,14,5,1551.78,310.356,200,4.0,3.0,4.0,11.0,63,United Kingdom
15118,Lapsed Accounts,134,1,244.8,244.8,0,2.0,3.0,1.0,6.0,1,United Kingdom
15125,Strategic Accounts,25,15,11528.48,768.5653333333333,245,4.0,3.0,5.0,12.0,102,United Kingdom
15129,Core Wholesalers,50,11,3447.4,313.40000000000003,241,3.0,3.0,4.0,10.0,54,United Kingdom
15133,Lapsed Accounts,127,3,982.42,327.4733333333333,174,2.0,3.0,3.0,8.0,27,United Kingdom
15158,Lapsed Accounts,45,1,401.40000000000003,401.40000000000003,0,3.0,3.0,2.0,8.0,7,United Kingdom
15160,Lapsed Accounts,357,1,158.16,158.16,0,1.0,3.0,1.0,5.0,4,United Kingdom
15171,Lapsed Accounts,331,1,1289.5,1289.5,0,1.0,3.0,3.0,7.0,5,United Kingdom
15179,Core Wholesalers,18,5,2206.95,441.39,300,4.0,3.0,4.0,11.0,91,United Kingdom
15181,Lapsed Accounts,66,3,689.48,229.82666666666668,203,3.0,3.0,2.0,8.0,11,United Kingdom
15185,Lapsed Accounts,70,1,310.62,310.62,0,3.0,3.0,1.0,7.0,21,United Kingdom
15187,Strategic Accounts,1,15,4762.18,317.4786666666667,210,5.0,3.0,5.0,13.0,60,United Kingdom
15189,Strategic Accounts,1,41,16225.39,395.74121951219513,331,5.0,3.0,5.0,13.0,80,United Kingdom
15195,Core Wholesalers,2,1,3861.0,3861.0,0,5.0,3.0,5.0,13.0,1,United Kingdom
15199,Core Wholesalers,59,4,1268.7,317.175,249,3.0,3.0,3.0,9.0,5,United Kingdom
15204,Lapsed Accounts,357,1,316.58,316.58,0,1.0,3.0,2.0,6.0,9,United Kingdom
15218,Strategic Accounts,10,11,5756.89,523.3536363636364,308,5.0,3.0,5.0,13.0,77,United Kingdom
15222,Lapsed Accounts,318,1,585.0,585.0,0,1.0,3.0,2.0,6.0,5,United Kingdom
15232,Lapsed Accounts,113,2,612.06,306.03,27,2.0,3.0,2.0,7.0,26,United Kingdom
15245,Core Wholesalers,134,3,2515.84,838.6133333333333,127,2.0,3.0,4.0,9.0,55,United Kingdom
15247,Lapsed Accounts,122,1,356.0,356.0,0,2.0,3.0,2.0,7.0,6,United Kingdom
15251,Strategic Accounts,9,11,10484.99,953.180909090909,232,5.0,3.0,5.0,13.0,97,United Kingdom
15267,Core Wholesalers,22,5,1717.36,343.472,160,4.0,3.0,4.0,11.0,8,United Kingdom
15270,Core Wholesalers,15,7,2379.49,339.9271428571428,294,4.0,3.0,4.0,11.0,22,United Kingdom
15287,Lapsed Accounts,22,2,486.69,243.345,48,4.0,3.0,2.0,9.0,17,United Kingdom
15290,Strategic Accounts,4,18,7943.219999999999,441.28999999999996,354,5.0,3.0,5.0,13.0,93,United Kingdom
15291,Core Wholesalers,25,14,4623.3,330.2357142857143,348,4.0,3.0,5.0,12.0,61,United Kingdom
15299,Core Wholesalers,67,6,3907.01,651.1683333333334,304,3.0,3.0,5.0,11.0,6,United Kingdom
15313,Lapsed Accounts,110,1,52.0,52.0,0,2.0,3.0,1.0,6.0,1,United Kingdom
15315,Lapsed Accounts,64,2,570.5,285.25,51,3.0,3.0,2.0,8.0,35,United Kingdom
15316,Lapsed Accounts,326,1,165.0,165.0,0,1.0,3.0,1.0,5.0,1,United Kingdom
15330,Lapsed Accounts,32,2,714.96,357.48,28,4.0,3.0,2.0,9.0,10,United Kingdom
15333,Lapsed Accounts,208,1,1028.56,1028.56,0,1.0,3.0,3.0,7.0,16,United Kingdom
15341,Lapsed Accounts,80,1,2020.52,2020.52,0,2.0,3.0,4.0,9.0,17,United Kingdom
15347,Lapsed Accounts,366,1,201.60000000000002,201.60000000000002,0,1.0,3.0,1.0,5.0,5,United Kingdom
15361,Lapsed Accounts,361,1,418.92,418.92,0,1.0,3.0,2.0,6.0,7,United Kingdom
15368,Lapsed Accounts,21,1,446.94000000000005,446.94000000000005,0,4.0,3.0,2.0,9.0,4,United Kingdom
15372,Lapsed Accounts,137,1,2007.4,2007.4,0,2.0,3.0,4.0,9.0,27,United Kingdom
15374,Lapsed Accounts,128,1,168.0,168.0,0,2.0,3.0,1.0,6.0,3,United Kingdom
15381,Lapsed Accounts,213,2,596.85,298.425,54,1.0,3.0,2.0,6.0,8,United Kingdom
15389,Lapsed Accounts,172,1,500.0,500.0,0,1.0,3.0,2.0,6.0,1,United Kingdom
15400,Lapsed Accounts,92,5,716.2,143.24,186,2.0,3.0,3.0,8.0,10,United Kingdom
15405,Lapsed Accounts,189,1,349.1,349.1,0,1.0,3.0,2.0,6.0,8,United Kingdom
15419,Lapsed Accounts,24,1,135.85999999999999,135.85999999999999,0,4.0,3.0,1.0,8.0,8,United Kingdom
15423,Lapsed Accounts,38,1,43.5,43.5,0,4.0,3.0,1.0,8.0,2,United Kingdom
15424,Lapsed Accounts,254,2,383.34,191.67,0,1.0,3.0,2.0,6.0,17,United Kingdom
15442,Lapsed Accounts,248,1,594.0,594.0,0,1.0,3.0,2.0,6.0,2,United Kingdom
15458,Lapsed Accounts,25,1,161.64,161.64,0,4.0,3.0,1.0,8.0,7,United Kingdom
15473,Core Wholesalers,14,7,1771.2,253.02857142857144,46,4.0,3.0,4.0,11.0,4,United Kingdom
15482,Strategic Accounts,15,11,10839.76,985.4327272727273,343,4.0,3.0,5.0,12.0,45,United Kingdom
15488,Lapsed Accounts,92,1,91.32000000000001,91.32000000000001,0,2.0,3.0,1.0,6.0,2,United Kingdom
15497,Core Wholesalers,17,2,1262.2,631.1,302,4.0,3.0,3.0,10.0,13,United Kingdom
15502,Core Wholesalers,15,10,6923.98,692.3979999999999,353,4.0,3.0,5.0,12.0,163,United Kingdom
15505,Core Wholesalers,52,5,3610.96,722.192,102,3.0,3.0,4.0,10.0,90,United Kingdom
15562,Lapsed Accounts,351,1,134.55,134.55,0,1.0,3.0,1.0,5.0,1,United Kingdom
15567,Lapsed Accounts,18,1,186.01,186.01,0,4.0,3.0,1.0,8.0,7,United Kingdom
15569,Core Wholesalers,103,5,1375.71,275.142,228,2.0,3.0,3.0,8.0,27,United Kingdom
15587,Core Wholesalers,50,4,913.6800000000001,228.42000000000002,301,3.0,3.0,3.0,9.0,3,United Kingdom
15602,Core Wholesalers,8,9,1297.87,144.20777777777778,359,5.0,3.0,3.0,11.0,30,United Kingdom
15603,Lapsed Accounts,78,1,48.480000000000004,48.480000000000004,0,3.0,3.0,1.0,7.0,2,United Kingdom
15619,Lapsed Accounts,10,1,336.40000000000003,336.40000000000003,0,5.0,3.0,2.0,10.0,3,United Kingdom
15621,Core Wholesalers,4,4,1293.03,323.2575,17,5.0,3.0,3.0,11.0,11,United Kingdom
15649,Lapsed Accounts,336,2,816.0,408.0,31,1.0,3.0,3.0,7.0,1,United Kingdom
15653,Lapsed Accounts,92,2,877.4399999999999,438.71999999999997,23,2.0,3.0,3.0,8.0,4,United Kingdom
15654,Core Wholesalers,9,2,922.5300000000001,461.26500000000004,16,5.0,3.0,3.0,11.0,15,United Kingdom
15657,Lapsed Accounts,22,1,30.0,30.0,0,4.0,3.0,1.0,8.0,1,United Kingdom
15661,Lapsed Accounts,317,2,309.8,154.9,21,1.0,3.0,1.0,5.0,4,United Kingdom
15668,Lapsed Accounts,217,1,76.32000000000001,76.32000000000001,0,1.0,3.0,1.0,5.0,1,United Kingdom
15671,Core Wholesalers,18,7,2657.13,379.59000000000003,252,4.0,3.0,4.0,11.0,52,United Kingdom
15675,Lapsed Accounts,81,3,323.69,107.89666666666666,198,2.0,3.0,2.0,7.0,20,United Kingdom
15690,Core Wholesalers,4,2,239.76,119.88,96,5.0,3.0,1.0,9.0,19,United Kingdom
15691,Lapsed Accounts,252,1,136.8,136.8,0,1.0,3.0,1.0,5.0,2,United Kingdom
15694,Strategic Accounts,0,13,6464.4,497.2615384615384,372,5.0,3.0,5.0,13.0,41,United Kingdom
15709,Lapsed Accounts,283,1,133.25,133.25,0,1.0,3.0,1.0,5.0,6,United Kingdom
15739,Lapsed Accounts,66,1,449.12,449.12,0,3.0,3.0,2.0,8.0,8,United Kingdom
15744,Lapsed Accounts,77,1,34.8,34.8,0,3.0,3.0,1.0,7.0,3,United Kingdom
15749,Core Wholesalers,235,3,44534.3,14844.766666666668,97,1.0,3.0,5.0,9.0,5,United Kingdom
15753,Lapsed Accounts,304,1,79.2,79.2,0,1.0,3.0,1.0,5.0,1,United Kingdom
15769,Strategic Accounts,7,26,56252.72,2163.566153846154,363,5.0,3.0,5.0,13.0,26,United Kingdom
15773,Core Wholesalers,5,1,635.68,635.68,0,5.0,3.0,2.0,10.0,10,United Kingdom
15782,Core Wholesalers,9,3,2614.7400000000002,871.58,79,5.0,3.0,4.0,12.0,34,United Kingdom
15793,Core Wholesalers,14,3,965.61,321.87,253,4.0,3.0,3.0,10.0,6,United Kingdom
15797,Core Wholesalers,113,3,2192.4,730.8000000000001,191,2.0,3.0,4.0,9.0,7,United Kingdom
15803,Lapsed Accounts,51,1,415.82000000000005,415.82000000000005,0,3.0,3.0,2.0,8.0,8,United Kingdom
15812,Core Wholesalers,107,5,1801.14,360.228,210,2.0,3.0,4.0,9.0,36,United Kingdom
15815,Core Wholesalers,63,5,2100.6,420.12,196,3.0,3.0,4.0,10.0,33,United Kingdom
15838,Strategic Accounts,11,19,33643.08,1770.6884210526316,356,4.0,3.0,5.0,12.0,54,United Kingdom
15841,Core Wholesalers,72,4,1224.06,306.015,266,3.0,3.0,3.0,9.0,36,United Kingdom
15847,Lapsed Accounts,38,2,389.27,194.635,249,4.0,3.0,2.0,9.0,22,United Kingdom
15857,Lapsed Accounts,18,1,297.0,297.0,0,4.0,3.0,1.0,8.0,14,United Kingdom
15864,Core Wholesalers,22,6,1936.3200000000002,322.72,293,4.0,3.0,4.0,11.0,16,United Kingdom
15874,Core Wholesalers,63,7,4405.88,629.4114285714286,220,3.0,3.0,5.0,11.0,110,United Kingdom
15903,Core Wholesalers,9,7,5126.76,732.3942857142857,285,5.0,3.0,5.0,13.0,46,United Kingdom
15932,Core Wholesalers,4,8,2495.87,311.98375,285,5.0,3.0,4.0,12.0,93,United Kingdom
15939,Core Wholesalers,89,14,6100.01,435.71500000000003,241,2.0,3.0,5.0,10.0,27,United Kingdom
15945,Lapsed Accounts,365,1,181.0,181.0,0,1.0,3.0,1.0,5.0,2,United Kingdom
15947,Lapsed Accounts,82,1,1708.24,1708.24,0,2.0,3.0,4.0,9.0,29,United Kingdom
15971,Core Wholesalers,17,12,4194.9,349.575,293,4.0,3.0,5.0,12.0,9,United Kingdom
15973,Lapsed Accounts,366,1,307.82,307.82,0,1.0,3.0,1.0,5.0,4,United Kingdom
15980,Core Wholesalers,88,3,2398.86,799.62,165,2.0,3.0,4.0,9.0,40,United Kingdom
15985,Lapsed Accounts,123,2,1142.42,571.21,113,2.0,3.0,3.0,8.0,29,United Kingdom
16000,Core Wholesalers,2,3,12393.7,4131.233333333334,0,5.0,3.0,5.0,13.0,9,United Kingdom
16013,Strategic Accounts,3,47,37130.6,790.0127659574467,367,5.0,3.0,5.0,13.0,30,United Kingdom
16027,Core Wholesalers,91,6,934.62,155.77,210,2.0,3.0,3.0,8.0,11,United Kingdom
16029,Strategic Accounts,38,62,72708.09,1172.711129032258,335,4.0,3.0,5.0,12.0,43,United Kingdom
16041,Core Wholesalers,30,3,3166.4,1055.4666666666667,110,4.0,3.0,4.0,11.0,6,United Kingdom
16050,Lapsed Accounts,173,1,137.9,137.9,0,1.0,3.0,1.0,5.0,10,United Kingdom
16053,Core Wholesalers,32,2,1511.95,755.975,89,4.0,3.0,3.0,10.0,81,United Kingdom
16073,Lapsed Accounts,297,1,122.39999999999999,122.39999999999999,0,1.0,3.0,1.0,5.0,1,United Kingdom
16079,Core Wholesalers,16,3,1352.0,450.6666666666667,23,4.0,3.0,3.0,10.0,18,United Kingdom
16083,Lapsed Accounts,100,2,1317.62,658.81,259,2.0,3.0,3.0,8.0,31,United Kingdom
16105,Lapsed Accounts,248,1,336.96,336.96,0,1.0,3.0,2.0,6.0,13,United Kingdom
16107,Core Wholesalers,17,7,3204.1600000000003,457.7371428571429,165,4.0,3.0,4.0,11.0,16,United Kingdom
16109,Lapsed Accounts,218,2,611.88,305.94,89,1.0,3.0,2.0,6.0,18,United Kingdom
16112,Lapsed Accounts,143,4,195.74,48.935,195,2.0,3.0,1.0,6.0,15,United Kingdom
16120,Core Wholesalers,59,4,1309.14,327.285,0,3.0,3.0,3.0,9.0,26,United Kingdom
16122,Lapsed Accounts,73,4,684.4200000000001,171.10500000000002,293,3.0,3.0,2.0,8.0,26,United Kingdom
16131,Core Wholesalers,51,6,3506.54,584.4233333333333,188,3.0,3.0,4.0,10.0,55,United Kingdom
16133,Strategic Accounts,3,33,14589.04,442.09212121212124,314,5.0,3.0,5.0,13.0,219,United Kingdom
16140,Lapsed Accounts,65,2,725.1800000000001,362.59000000000003,305,3.0,3.0,3.0,9.0,32,United Kingdom
16148,Lapsed Accounts,296,1,76.32000000000001,76.32000000000001,0,1.0,3.0,1.0,5.0,1,United Kingdom
16152,Lapsed Accounts,268,1,1829.04,1829.04,0,1.0,3.0,4.0,8.0,29,United Kingdom
16160,Lapsed Accounts,65,2,1025.44,512.72,20,3.0,3.0,3.0,9.0,20,United Kingdom
16163,Lapsed Accounts,232,2,856.6000000000001,428.30000000000007,132,1.0,3.0,3.0,7.0,5,United Kingdom
16174,Lapsed Accounts,126,3,1009.5500000000001,336.5166666666667,25,2.0,3.0,3.0,8.0,19,United Kingdom
16180,Core Wholesalers,100,8,10254.18,1281.7725,152,2.0,3.0,5.0,10.0,90,United Kingdom
16182,Core Wholesalers,72,4,6617.65,1654.4125,222,3.0,3.0,5.0,11.0,17,United Kingdom
16191,Strategic Accounts,2,13,5180.52,398.5015384615385,357,5.0,3.0,5.0,13.0,65,United Kingdom
16209,Core Wholesalers,88,5,2262.62,452.524,157,2.0,3.0,4.0,9.0,37,United Kingdom
16210,Strategic Accounts,1,17,21076.3,1239.7823529411764,372,5.0,3.0,5.0,13.0,73,United Kingdom
16218,Core Wholesalers,29,7,3084.68,440.6685714285714,343,4.0,3.0,4.0,11.0,56,United Kingdom
16226,Lapsed Accounts,203,3,255.12,85.04,32,1.0,3.0,1.0,5.0,6,United Kingdom
16253,Core Wholesalers,66,2,3683.86,1841.93,188,3.0,3.0,4.0,10.0,114,United Kingdom
16256,Lapsed Accounts,266,1,752.4300000000001,752.4300000000001,0,1.0,3.0,3.0,7.0,13,United Kingdom
16258,Core Wholesalers,45,5,5203.51,1040.702,173,3.0,3.0,5.0,11.0,111,United Kingdom
16276,Lapsed Accounts,176,1,810.6000000000001,810.6000000000001,0,1.0,3.0,3.0,7.0,6,United Kingdom
16281,Lapsed Accounts,72,1,2062.06,2062.06,0,3.0,3.0,4.0,10.0,17,United Kingdom
16287,Lapsed Accounts,169,1,142.5,142.5,0,1.0,3.0,1.0,5.0,8,United Kingdom
16308,Core Wholesalers,37,4,2560.0,640.0,223,4.0,3.0,4.0,11.0,1,United Kingdom
16319,Lapsed Accounts,217,1,404.40000000000003,404.40000000000003,0,1.0,3.0,2.0,6.0,3,United Kingdom
16323,Lapsed Accounts,196,1,207.50000000000003,207.50000000000003,0,1.0,3.0,1.0,5.0,1,United Kingdom
16333,Strategic Accounts,7,22,26626.8,1210.3090909090909,302,5.0,3.0,5.0,13.0,9,United Kingdom
16353,Strategic Accounts,3,23,6675.71,290.24826086956523,366,5.0,3.0,5.0,13.0,51,United Kingdom
16377,Lapsed Accounts,267,1,676.2,676.2,0,1.0,3.0,2.0,6.0,5,United Kingdom
16380,Lapsed Accounts,61,1,1743.15,1743.15,0,3.0,3.0,4.0,10.0,28,United Kingdom
16389,Core Wholesalers,53,4,1382.07,345.5175,229,3.0,3.0,3.0,9.0,33,United Kingdom
16394,Core Wholesalers,56,5,1555.34,311.068,232,3.0,3.0,4.0,10.0,61,United Kingdom
16401,Strategic Accounts,1,12,4098.32,341.52666666666664,326,5.0,3.0,5.0,13.0,66,United Kingdom
16405,Lapsed Accounts,302,2,167.25,83.625,7,1.0,3.0,1.0,5.0,3,United Kingdom
16422,Strategic Accounts,17,51,34684.4,680.086274509804,351,4.0,3.0,5.0,12.0,68,United Kingdom
16432,Lapsed Accounts,64,1,287.4,287.4,0,3.0,3.0,1.0,7.0,8,United Kingdom
16446,Strategic Accounts,0,2,168472.5,84236.25,204,5.0,3.0,5.0,13.0,3,United Kingdom
16488,Lapsed Accounts,33,3,498.8,166.26666666666668,115,4.0,3.0,2.0,9.0,28,United Kingdom
16493,Core Wholesalers,79,4,1351.63,337.9075,250,3.0,3.0,3.0,9.0,40,United Kingdom
16505,Lapsed Accounts,31,1,777.6,777.6,0,4.0,3.0,3.0,10.0,4,United Kingdom
16525,Strategic Accounts,2,26,13027.45,501.0557692307693,364,5.0,3.0,5.0,13.0,75,United Kingdom
16532,Core Wholesalers,17,3,6748.8,2249.6,320,4.0,3.0,5.0,12.0,2,United Kingdom
16545,Lapsed Accounts,164,1,339.3,339.3,0,1.0,3.0,2.0,6.0,3,United Kingdom
16546,Lapsed Accounts,290,2,787.15,393.575,81,1.0,3.0,3.0,7.0,25,United Kingdom
16551,Lapsed Accounts,95,3,922.12,307.37333333333333,240,2.0,3.0,3.0,8.0,26,United Kingdom
16553,Core Wholesalers,163,12,5719.82,476.65166666666664,197,2.0,3.0,5.0,10.0,62,United Kingdom
16563,Lapsed Accounts,53,1,1077.74,1077.74,0,3.0,3.0,3.0,9.0,19,United Kingdom
16566,Core Wholesalers,15,5,614.66,122.93199999999999,277,4.0,3.0,2.0,9.0,14,United Kingdom
16567,Lapsed Accounts,194,2,865.6,432.8,142,1.0,3.0,3.0,7.0,34,United Kingdom
16582,Lapsed Accounts,113,1,313.62,313.62,0,2.0,3.0,2.0,7.0,6,United Kingdom
16584,Lapsed Accounts,80,2,936.0799999999999,468.03999999999996,174,2.0,3.0,3.0,8.0,25,United Kingdom
16597,Lapsed Accounts,4,1,90.04,90.04,0,5.0,3.0,1.0,9.0,7,United Kingdom
16641,Lapsed Accounts,105,1,231.1,231.1,0,2.0,3.0,1.0,6.0,12,United Kingdom
16652,Core Wholesalers,58,7,6773.97,967.71,214,3.0,3.0,5.0,11.0,74,United Kingdom
16656,Strategic Accounts,22,15,8625.8,575.0533333333333,342,4.0,3.0,5.0,12.0,14,United Kingdom
16659,Lapsed Accounts,189,1,39.12,39.12,0,1.0,3.0,1.0,5.0,2,United Kingdom
16660,Core Wholesalers,16,4,1267.6499999999999,316.91249999999997,303,4.0,3.0,3.0,10.0,16,United Kingdom
16671,Core Wholesalers,28,3,1692.27,564.09,136,4.0,3.0,4.0,11.0,3,United Kingdom
16672,Strategic Accounts,2,20,8134.94,406.74699999999996,264,5.0,3.0,5.0,13.0,22,United Kingdom
16681,Core Wholesalers,72,6,1770.34,295.0566666666667,180,3.0,3.0,4.0,10.0,18,United Kingdom
16682,Core Wholesalers,4,5,1028.0,205.6,183,5.0,3.0,3.0,11.0,15,United Kingdom
16684,Strategic Accounts,4,28,66653.56,2380.4842857142858,353,5.0,3.0,5.0,13.0,119,United Kingdom
16689,Lapsed Accounts,75,2,422.59999999999997,211.29999999999998,6,3.0,3.0,2.0,8.0,12,United Kingdom
16692,Lapsed Accounts,256,2,1126.0,563.0,32,1.0,3.0,3.0,7.0,1,United Kingdom
16698,Lapsed Accounts,226,2,1998.0,999.0,26,1.0,3.0,4.0,8.0,4,United Kingdom
16701,Strategic Accounts,8,13,5398.3,415.25384615384615,352,5.0,3.0,5.0,13.0,99,United Kingdom
16705,Strategic Accounts,0,20,14034.99,701.7495,358,5.0,3.0,5.0,13.0,133,United Kingdom
16711,Core Wholesalers,3,5,1651.03,330.206,354,5.0,3.0,4.0,12.0,18,United Kingdom
16715,Lapsed Accounts,78,1,301.72,301.72,0,3.0,3.0,1.0,7.0,19,United Kingdom
16716,Lapsed Accounts,266,2,901.2,450.6,44,1.0,3.0,3.0,7.0,1,United Kingdom
16722,Core Wholesalers,17,13,4730.81,363.90846153846155,351,4.0,3.0,5.0,12.0,96,United Kingdom
16737,Lapsed Accounts,53,1,417.59999999999997,417.59999999999997,0,3.0,3.0,2.0,8.0,1,United Kingdom
16751,Lapsed Accounts,30,1,1764.72,1764.72,0,4.0,3.0,4.0,11.0,24,United Kingdom
16754,Lapsed Accounts,372,1,2002.4,2002.4,0,1.0,3.0,4.0,8.0,2,United Kingdom
16761,Lapsed Accounts,96,1,316.62,316.62,0,2.0,3.0,2.0,7.0,13,United Kingdom
16767,Core Wholesalers,30,11,5575.56,506.86909090909097,285,4.0,3.0,5.0,12.0,148,United Kingdom
16825,Lapsed Accounts,38,2,775.18,387.59,147,4.0,3.0,3.0,10.0,27,United Kingdom
16839,Strategic Accounts,8,34,16594.35,488.06911764705876,360,5.0,3.0,5.0,13.0,114,United Kingdom
16843,Strategic Accounts,42,16,10196.57,637.285625,284,3.0,3.0,5.0,11.0,226,United Kingdom
16861,Lapsed Accounts,59,2,173.76000000000002,86.88000000000001,98,3.0,3.0,1.0,7.0,6,United Kingdom
16872,Lapsed Accounts,77,3,680.02,226.67333333333332,107,3.0,3.0,2.0,8.0,5,United Kingdom
16881,Lapsed Accounts,66,1,432.0,432.0,0,3.0,3.0,2.0,8.0,1,United Kingdom
16909,Lapsed Accounts,72,1,379.14,379.14,0,3.0,3.0,2.0,8.0,18,United Kingdom
16917,Lapsed Accounts,276,1,391.52,391.52,0,1.0,3.0,2.0,6.0,9,United Kingdom
16927,Lapsed Accounts,115,3,543.05,181.01666666666665,245,2.0,3.0,2.0,7.0,5,United Kingdom
16948,Lapsed Accounts,138,3,435.02,145.00666666666666,187,2.0,3.0,2.0,7.0,15,United Kingdom
16966,Core Wholesalers,8,7,2154.97,307.8528571428571,231,5.0,3.0,4.0,12.0,8,United Kingdom
16976,Lapsed Accounts,267,1,251.51999999999998,251.51999999999998,0,1.0,3.0,1.0,5.0,2,United Kingdom
16986,Core Wholesalers,29,2,1873.2,936.6,0,4.0,3.0,4.0,11.0,3,United Kingdom
16989,Core Wholesalers,7,6,1133.25,188.875,143,5.0,3.0,3.0,11.0,7,United Kingdom
16990,Lapsed Accounts,218,1,179.0,179.0,0,1.0,3.0,1.0,5.0,1,United Kingdom
16997,Lapsed Accounts,288,3,702.0,234.0,37,1.0,3.0,2.0,6.0,7,United Kingdom
17017,Strategic Accounts,2,20,8694.26,434.713,369,5.0,3.0,5.0,13.0,88,United Kingdom
17024,Lapsed Accounts,45,3,95.85,31.95,112,3.0,3.0,1.0,7.0,2,United Kingdom
17025,Lapsed Accounts,60,3,357.77,119.25666666666666,312,3.0,3.0,2.0,8.0,8,United Kingdom
17026,Lapsed Accounts,185,2,154.82999999999998,77.41499999999999,184,1.0,3.0,1.0,5.0,4,United Kingdom
17029,Lapsed Accounts,110,2,716.0,358.0,126,2.0,3.0,3.0,8.0,1,United Kingdom
17033,Lapsed Accounts,86,3,1030.1399999999999,343.37999999999994,273,2.0,3.0,3.0,8.0,24,United Kingdom
17044,Lapsed Accounts,25,1,948.48,948.48,0,4.0,3.0,3.0,10.0,6,United Kingdom
17046,Lapsed Accounts,157,1,642.02,642.02,0,2.0,3.0,2.0,7.0,22,United Kingdom
17060,Lapsed Accounts,266,1,234.24,234.24,0,1.0,3.0,1.0,5.0,5,United Kingdom
17078,Lapsed Accounts,36,2,375.85999999999996,187.92999999999998,0,4.0,3.0,2.0,9.0,27,United Kingdom
17080,Lapsed Accounts,22,2,287.62,143.81,247,4.0,3.0,1.0,8.0,8,United Kingdom
17123,Lapsed Accounts,161,1,345.3,345.3,0,2.0,3.0,2.0,7.0,9,United Kingdom
17133,Core Wholesalers,15,7,4892.240000000001,698.8914285714287,250,4.0,3.0,5.0,12.0,13,United Kingdom
17135,Core Wholesalers,16,7,1139.73,162.81857142857143,355,4.0,3.0,3.0,10.0,34,United Kingdom
17152,Lapsed Accounts,194,3,1689.5,563.1666666666666,68,1.0,3.0,4.0,8.0,9,United Kingdom
17154,Lapsed Accounts,75,1,329.34,329.34,0,3.0,3.0,2.0,8.0,23,United Kingdom
17172,Lapsed Accounts,78,1,317.76,317.76,0,3.0,3.0,2.0,8.0,15,United Kingdom
17186,Lapsed Accounts,46,2,144.0,72.0,13,3.0,3.0,1.0,7.0,1,United Kingdom
17193,Core Wholesalers,35,7,1699.3,242.75714285714284,141,4.0,3.0,4.0,11.0,17,United Kingdom
17205,Lapsed Accounts,53,1,384.08,384.08,0,3.0,3.0,2.0,8.0,13,United Kingdom
17212,Lapsed Accounts,253,1,226.85,226.85,0,1.0,3.0,1.0,5.0,4,United Kingdom
17230,Core Wholesalers,264,8,3638.41,454.80125,95,1.0,3.0,4.0,8.0,51,United Kingdom
17262,Core Wholesalers,52,5,1253.3600000000001,250.67200000000003,313,3.0,3.0,3.0,9.0,9,United Kingdom
17268,Lapsed Accounts,107,4,763.64,190.91,137,2.0,3.0,3.0,8.0,3,United Kingdom
17282,Lapsed Accounts,130,3,1685.46,561.82,169,2.0,3.0,4.0,9.0,79,United Kingdom
17291,Lapsed Accounts,308,1,550.8000000000001,550.8000000000001,0,1.0,3.0,2.0,6.0,1,United Kingdom
17306,Strategic Accounts,10,19,8631.31,454.2794736842105,342,5.0,3.0,5.0,13.0,13,United Kingdom
17312,Lapsed Accounts,138,3,644.3,214.76666666666665,20,2.0,3.0,2.0,7.0,11,United Kingdom
17313,Core Wholesalers,31,1,2328.84,2328.84,0,4.0,3.0,4.0,11.0,24,United Kingdom
17317,Core Wholesalers,46,3,2600.34,866.7800000000001,43,3.0,3.0,4.0,10.0,8,United Kingdom
17334,Lapsed Accounts,302,2,307.02,153.51,6,1.0,3.0,1.0,5.0,11,United Kingdom
17347,Lapsed Accounts,86,1,228.96,228.96,0,2.0,3.0,1.0,6.0,1,United Kingdom
17353,Lapsed Accounts,129,2,1740.0,870.0,25,2.0,3.0,4.0,9.0,5,United Kingdom
17354,Lapsed Accounts,50,1,1393.06,1393.06,0,3.0,3.0,3.0,9.0,15,United Kingdom
17381,Strategic Accounts,8,29,20275.61,699.1589655172414,363,5.0,3.0,5.0,13.0,40,United Kingdom
17386,Core Wholesalers,7,6,2686.42,447.7366666666667,157,5.0,3.0,4.0,12.0,23,United Kingdom
17388,Core Wholesalers,77,4,1259.56,314.89,209,3.0,3.0,3.0,9.0,13,United Kingdom
17389,Strategic Accounts,0,34,31833.68,936.2847058823529,330,5.0,3.0,5.0,13.0,45,United Kingdom
17391,Lapsed Accounts,163,2,508.8,254.4,0,2.0,3.0,2.0,7.0,2,United Kingdom
17394,Lapsed Accounts,219,1,203.86999999999998,203.86999999999998,0,1.0,3.0,1.0,5.0,4,United Kingdom
17396,Core Wholesalers,39,7,7312.8,1044.6857142857143,332,3.0,3.0,5.0,11.0,23,United Kingdom
17404,Strategic Accounts,4,13,31781.82,2444.7553846153846,356,5.0,3.0,5.0,13.0,109,Sweden
17414,Lapsed Accounts,43,2,778.0,389.0,141,3.0,3.0,3.0,9.0,5,United Kingdom
17428,Strategic Accounts,0,28,17256.85,616.3160714285714,368,5.0,3.0,5.0,13.0,252,United Kingdom
17440,Lapsed Accounts,156,3,186.42,62.13999999999999,90,2.0,3.0,1.0,6.0,3,United Kingdom
17443,Lapsed Accounts,219,1,534.24,534.24,0,1.0,3.0,2.0,6.0,1,Canada
17446,Lapsed Accounts,176,2,120.9,60.45,133,1.0,3.0,1.0,5.0,6,United Kingdom
17450,Strategic Accounts,8,46,194390.79,4225.886739130435,359,5.0,3.0,5.0,13.0,124,United Kingdom
17457,Core Wholesalers,126,5,1737.7,347.54,212,2.0,3.0,4.0,9.0,14,United Kingdom
17464,Lapsed Accounts,158,1,289.96,289.96,0,2.0,3.0,1.0,6.0,9,United Kingdom
17468,Lapsed Accounts,10,2,137.0,68.5,4,5.0,3.0,1.0,9.0,5,United Kingdom
17470,Core Wholesalers,44,5,1125.07,225.01399999999998,323,3.0,3.0,3.0,9.0,67,United Kingdom
17498,Lapsed Accounts,75,1,272.22,272.22,0,3.0,3.0,1.0,7.0,17,United Kingdom
17511,Strategic Accounts,2,31,91062.38,2937.496129032258,370,5.0,3.0,5.0,13.0,453,United Kingdom
17512,Core Wholesalers,28,10,2924.9900000000002,292.499,272,4.0,3.0,4.0,11.0,61,United Kingdom
17513,Lapsed Accounts,72,1,513.2,513.2,0,3.0,3.0,2.0,8.0,6,United Kingdom
17523,Core Wholesalers,11,4,652.74,163.185,7,4.0,3.0,2.0,9.0,25,United Kingdom
17549,Lapsed Accounts,23,2,148.86,74.43,27,4.0,3.0,1.0,8.0,5,United Kingdom
17553,Lapsed Accounts,129,1,1487.6,1487.6,0,2.0,3.0,3.0,8.0,2,United Kingdom
17554,Core Wholesalers,1,5,1952.45,390.49,146,5.0,3.0,4.0,12.0,58,United Kingdom
17560,Lapsed Accounts,94,4,854.95,213.7375,215,2.0,3.0,3.0,8.0,22,United Kingdom
17578,Lapsed Accounts,218,1,143.45999999999998,143.45999999999998,0,1.0,3.0,1.0,5.0,5,United Kingdom
17588,Lapsed Accounts,100,3,1240.2,413.40000000000003,132,2.0,3.0,3.0,8.0,19,United Kingdom
17597,Lapsed Accounts,213,1,2044.3700000000001,2044.3700000000001,0,1.0,3.0,4.0,8.0,55,United Kingdom
17616,Lapsed Accounts,173,3,571.1999999999999,190.39999999999998,194,1.0,3.0,2.0,6.0,1,United Kingdom
17640,Lapsed Accounts,86,1,621.66,621.66,0,2.0,3.0,2.0,7.0,5,United Kingdom
17653,Core Wholesalers,36,4,1207.56,301.89,83,4.0,3.0,3.0,10.0,44,United Kingdom
17658,Lapsed Accounts,25,2,595.42,297.71,185,4.0,3.0,2.0,9.0,17,United Kingdom
17666,Core Wholesalers,3,2,728.16,364.08,61,5.0,3.0,3.0,11.0,14,United Kingdom
17669,Core Wholesalers,42,7,3406.7200000000003,486.67428571428576,206,3.0,3.0,4.0,10.0,45,United Kingdom
17674,Lapsed Accounts,74,2,551.04,275.52,294,3.0,3.0,2.0,8.0,19,United Kingdom
17677,Strategic Accounts,1,30,16345.380000000001,544.846,367,5.0,3.0,5.0,13.0,178,United Kingdom
17679,Core Wholesalers,52,2,1992.11,996.055,32,3.0,3.0,4.0,10.0,29,United Kingdom
17695,Lapsed Accounts,131,2,765.34,382.67,39,2.0,3.0,3.0,8.0,30,United Kingdom
17707,Lapsed Accounts,185,2,152.4,76.2,151,1.0,3.0,1.0,5.0,3,United Kingdom
17715,Lapsed Accounts,200,1,326.4,326.4,0,1.0,3.0,2.0,6.0,1,United Kingdom
17723,Core Wholesalers,127,6,3276.4000000000005,546.0666666666667,87,2.0,3.0,4.0,9.0,4,United Kingdom
17744,Core Wholesalers,3,6,2322.4,387.06666666666666,354,5.0,3.0,4.0,12.0,110,United Kingdom
17750,Core Wholesalers,5,9,1694.16,188.24,158,5.0,3.0,4.0,12.0,100,United Kingdom
17752,Lapsed Accounts,359,1,80.64,80.64,0,1.0,3.0,1.0,5.0,1,United Kingdom
17754,Core Wholesalers,0,5,1664.65,332.93,259,5.0,3.0,4.0,12.0,82,United Kingdom
17761,Lapsed Accounts,32,1,712.78,712.78,0,4.0,3.0,2.0,9.0,19,United Kingdom
17775,Lapsed Accounts,254,1,56.4,56.4,0,1.0,3.0,1.0,5.0,3,United Kingdom
17788,Lapsed Accounts,73,2,1112.95,556.475,55,3.0,3.0,3.0,9.0,2,United Kingdom
17805,Lapsed Accounts,73,1,512.31,512.31,0,3.0,3.0,2.0,8.0,10,United Kingdom
17809,Core Wholesalers,16,12,5411.91,450.9925,357,4.0,3.0,5.0,12.0,46,United Kingdom
17819,Core Wholesalers,71,7,3704.87,529.2671428571429,299,3.0,3.0,4.0,10.0,36,United Kingdom
17824,Lapsed Accounts,51,1,298.4,298.4,0,3.0,3.0,1.0,7.0,13,United Kingdom
17856,Core Wholesalers,1,4,1418.03,354.5075,279,5.0,3.0,3.0,11.0,12,United Kingdom
17857,Strategic Accounts,4,22,25301.54,1150.07,361,5.0,3.0,5.0,13.0,18,United Kingdom
17873,Core Wholesalers,80,5,1719.5800000000002,343.91600000000005,293,2.0,3.0,4.0,9.0,23,United Kingdom
17896,Lapsed Accounts,23,1,256.32,256.32,0,4.0,3.0,1.0,8.0,2,United Kingdom
17919,Lapsed Accounts,88,1,1304.04,1304.04,0,2.0,3.0,3.0,8.0,23,United Kingdom
17923,Lapsed Accounts,282,1,207.50000000000003,207.50000000000003,0,1.0,3.0,1.0,5.0,1,United Kingdom
17924,Core Wholesalers,11,7,2962.5,423.2142857142857,361,4.0,3.0,4.0,11.0,26,United Kingdom
17925,Lapsed Accounts,372,1,244.08,244.08,0,1.0,3.0,1.0,5.0,1,United Kingdom
17929,Core Wholesalers,11,4,843.0,210.75,297,4.0,3.0,3.0,10.0,4,United Kingdom
17930,Core Wholesalers,35,5,1740.48,348.096,203,4.0,3.0,4.0,11.0,26,United Kingdom
17934,Lapsed Accounts,51,2,704.25,352.125,7,3.0,3.0,2.0,8.0,21,United Kingdom
17937,Core Wholesalers,8,7,4301.22,614.46,353,5.0,3.0,5.0,13.0,19,United Kingdom
17940,Core Wholesalers,49,9,2152.1800000000003,239.13111111111115,253,3.0,3.0,4.0,10.0,5,United Kingdom
17941,Lapsed Accounts,130,1,304.56,304.56,0,2.0,3.0,1.0,6.0,2,United Kingdom
17948,Lapsed Accounts,147,1,358.56000000000006,358.56000000000006,0,2.0,3.0,2.0,7.0,1,United Kingdom
17949,Strategic Accounts,1,44,58030.48,1318.8745454545456,370,5.0,3.0,5.0,13.0,28,United Kingdom
17951,Core Wholesalers,39,3,1008.5400000000001,336.18,333,3.0,3.0,3.0,9.0,18,United Kingdom
17966,Core Wholesalers,37,5,1098.43,219.686,223,4.0,3.0,3.0,10.0,53,United Kingdom
17978,Lapsed Accounts,365,1,300.91999999999996,300.91999999999996,0,1.0,3.0,1.0,5.0,12,United Kingdom
17980,Lapsed Accounts,165,3,811.45,270.48333333333335,193,1.0,3.0,3.0,7.0,23,United Kingdom
17987,Lapsed Accounts,185,1,198.57,198.57,0,1.0,3.0,1.0,5.0,13,United Kingdom
17995,Lapsed Accounts,281,1,76.1,76.1,0,1.0,3.0,1.0,5.0,2,United Kingdom
18008,Core Wholesalers,70,9,2116.19,235.13222222222223,248,3.0,3.0,4.0,10.0,24,United Kingdom
18017,Lapsed Accounts,81,3,523.0,174.33333333333334,229,2.0,3.0,2.0,7.0,1,United Kingdom
18058,Lapsed Accounts,9,1,170.16,170.16,0,5.0,3.0,1.0,9.0,3,United Kingdom
18061,Core Wholesalers,21,10,2119.41,211.94099999999997,344,4.0,3.0,4.0,11.0,18,United Kingdom
18064,Lapsed Accounts,133,2,814.0,407.0,102,2.0,3.0,3.0,8.0,7,United Kingdom
18073,Core Wholesalers,114,12,3859.82,321.6516666666667,82,2.0,3.0,4.0,9.0,23,United Kingdom
18079,Core Wholesalers,45,4,3613.15,903.2875,193,3.0,3.0,4.0,10.0,99,United Kingdom
18080,Core Wholesalers,18,2,1231.5,615.75,223,4.0,3.0,3.0,10.0,2,United Kingdom
18084,Lapsed Accounts,16,1,90.47999999999999,90.47999999999999,0,4.0,3.0,1.0,8.0,1,United Kingdom
18087,Lapsed Accounts,290,1,3202.9199999999996,3202.9199999999996,0,1.0,3.0,4.0,8.0,1,United Kingdom
18092,Strategic Accounts,2,11,9068.26,824.3872727272727,363,5.0,3.0,5.0,13.0,28,United Kingdom
18093,Core Wholesalers,93,4,2106.52,526.63,209,2.0,3.0,4.0,9.0,31,United Kingdom
18094,Core Wholesalers,81,7,3017.3,431.04285714285714,210,2.0,3.0,4.0,9.0,39,United Kingdom
18102,Strategic Accounts,0,60,259657.3,4327.621666666667,366,5.0,3.0,5.0,13.0,150,United Kingdom
18113,Lapsed Accounts,368,1,76.32000000000001,76.32000000000001,0,1.0,3.0,1.0,5.0,1,United Kingdom
18133,Lapsed Accounts,212,1,931.4999999999999,931.4999999999999,0,1.0,3.0,3.0,7.0,1,United Kingdom
18139,Core Wholesalers,17,6,8438.34,1406.39,0,4.0,3.0,5.0,12.0,35,United Kingdom
18142,Lapsed Accounts,157,2,1019.52,509.76,58,2.0,3.0,3.0,8.0,9,United Kingdom
18144,Core Wholesalers,7,12,2888.75,240.72916666666666,365,5.0,3.0,4.0,12.0,27,United Kingdom
18147,Lapsed Accounts,45,2,179.33999999999997,89.66999999999999,62,3.0,3.0,1.0,7.0,7,United Kingdom
18165,Lapsed Accounts,177,1,302.46000000000004,302.46000000000004,0,1.0,3.0,1.0,5.0,10,United Kingdom
18173,Core Wholesalers,86,4,2106.84,526.71,187,2.0,3.0,4.0,9.0,23,United Kingdom
18174,Lapsed Accounts,7,1,104.0,104.0,0,5.0,3.0,1.0,9.0,1,United Kingdom
18184,Lapsed Accounts,15,1,49.8,49.8,0,4.0,3.0,1.0,8.0,1,United Kingdom
18194,Lapsed Accounts,82,1,973.8399999999999,973.8399999999999,0,2.0,3.0,3.0,8.0,7,United Kingdom
18198,Strategic Accounts,4,17,5425.56,319.15058823529415,332,5.0,3.0,5.0,13.0,81,United Kingdom
18218,Lapsed Accounts,211,2,641.92,320.96,70,1.0,3.0,2.0,6.0,17,United Kingdom
18220,Lapsed Accounts,226,1,305.28000000000003,305.28000000000003,0,1.0,3.0,1.0,5.0,2,United Kingdom
18240,Lapsed Accounts,46,1,422.58,422.58,0,3.0,3.0,2.0,8.0,6,United Kingdom
18246,Lapsed Accounts,23,2,596.1,298.05,209,4.0,3.0,2.0,9.0,3,United Kingdom
18251,Lapsed Accounts,87,1,4314.72,4314.72,0,2.0,3.0,5.0,10.0,16,United Kingdom
18263,Core Wholesalers,25,3,1213.16,404.3866666666667,226,4.0,3.0,3.0,10.0,59,United Kingdom
18273,Core Wholesalers,2,3,204.0,68.0,255,5.0,3.0,1.0,9.0,1,United Kingdom
18287,Core Wholesalers,42,3,1837.28,612.4266666666666,158,3.0,3.0,4.0,10.0,59,United Kingdom
